nome,cpf,data_nascimento,sigla_orgao,id_evento,tipo_evento,data_evento,codigo_categoria,indicador_retificacao,numero_recibo
Paulo Rocha Lima,97726275154,1969-12-27,PGE,ESOC-PGE-00000001,admissao,1996-02-14,301,original,REC-1996-PGE-977262
Patrícia Duarte Rocha,03373000203,1962-05-19,SEAD,ESOC-SEAD-00000002,admissao,2020-03-05,301,original,REC-2020-SEAD-033730
Camila Barros Barbosa,47938508470,1969-03-03,SEAD,ESOC-SEAD-00000003,admissao,1999-02-28,301,original,REC-1999-SEAD-479385
Olívia Alves Melo,26400286500,1980-06-11,SEAD,ESOC-SEAD-00000004,admissao,2011-06-04,301,original,REC-2011-SEAD-264002
Rafael Machado Rocha,35503310373,1981-12-17,ECONOMIA,ESOC-ECONOMIA-00000005,admissao,2007-04-16,301,original,REC-2007-ECONOMIA-355033
Felipe Vieira Gomes,55839242683,1988-03-25,ECONOMIA,ESOC-ECONOMIA-00000006,admissao,2010-12-30,301,original,REC-2010-ECONOMIA-558392
Daniel Pereira Gomes,44139573341,2005-09-17,ECONOMIA,ESOC-ECONOMIA-00000007,admissao,2025-02-03,301,original,REC-2025-ECONOMIA-441395
Patrícia Cardoso Freitas,58039101123,1961-01-11,ECONOMIA,ESOC-ECONOMIA-00000008,admissao,2025-07-07,301,original,REC-2025-ECONOMIA-580391
Diego Ribeiro Fernandes,89363289800,2005-07-18,DETRAN,ESOC-DETRAN-00000009,admissao,2025-04-01,301,original,REC-2025-DETRAN-893632
Eduarda Fernandes Lima,99169391440,1967-01-24,DETRAN,ESOC-DETRAN-00000010,admissao,1998-11-04,301,original,REC-1998-DETRAN-991693
Diego Nunes Castro,14761923164,1978-01-17,SSP,ESOC-SSP-00000011,admissao,2010-01-10,301,original,REC-2010-SSP-147619
Carla Freitas Rodrigues,15691763377,1965-04-13,SSP,ESOC-SSP-00000012,admissao,2005-04-08,301,original,REC-2005-SSP-156917
Juliana Souza Alves,33687283186,1998-09-02,CBM,ESOC-CBM-00000013,admissao,2020-08-23,301,original,REC-2020-CBM-336872
Eduarda Nunes Machado,95672687113,1984-12-27,CBM,ESOC-CBM-00000014,admissao,2023-09-27,301,original,REC-2023-CBM-956726
Elisa Barbosa Vieira,17323271223,1965-04-05,CBM,ESOC-CBM-00000015,admissao,2002-05-21,301,original,REC-2002-CBM-173232
Tatiana Costa Correia,01081049073,1965-06-20,DGPP,ESOC-DGPP-00000016,admissao,2009-01-25,301,original,REC-2009-DGPP-010810
Gustavo Cavalcanti Pinto,48408718681,1982-02-01,DGPP,ESOC-DGPP-00000017,admissao,2001-11-13,301,original,REC-2001-DGPP-484087
Samuel Alves Rodrigues,09546723215,1960-11-01,DGPP,ESOC-DGPP-00000018,admissao,2015-07-23,301,original,REC-2015-DGPP-095467
Otávio Silva Machado,30349744505,1987-02-20,DGPP,ESOC-DGPP-00000019,admissao,2018-11-09,301,original,REC-2018-DGPP-303497
Quitéria Correia Ramos,12770398016,1990-10-05,DGPC,ESOC-DGPC-00000020,admissao,2013-04-29,301,original,REC-2013-DGPC-127703
Renata Lopes Machado,02627784161,1983-07-02,DGPC,ESOC-DGPC-00000021,admissao,2008-09-30,301,original,REC-2008-DGPC-026277
Paulo Alves Barros,44611288226,1963-07-31,DGPC,ESOC-DGPC-00000022,admissao,2011-01-19,301,original,REC-2011-DGPC-446112
Paulo Cardoso Ribeiro,60472420224,1989-10-20,DGPC,ESOC-DGPC-00000023,admissao,2025-05-07,301,original,REC-2025-DGPC-604724
Felipe Freitas Cardoso,56482969160,1979-12-31,DGPC,ESOC-DGPC-00000024,admissao,1999-01-22,301,original,REC-1999-DGPC-564829
Quitéria Oliveira Alves,43288809770,1976-01-08,DGPC,ESOC-DGPC-00000025,admissao,2021-01-16,301,original,REC-2021-DGPC-432888
Patrícia Almeida Araújo,61836929056,1999-02-13,SES,ESOC-SES-00000026,admissao,2017-02-19,301,original,REC-2017-SES-618369
Mariana Duarte Melo,74047112828,1996-02-06,SES,ESOC-SES-00000027,admissao,2020-09-24,301,original,REC-2020-SES-740471
Nicolas Correia Costa,16388612180,1988-11-28,SES,ESOC-SES-00000028,admissao,2017-05-03,301,original,REC-2017-SES-163886
Leonardo Rodrigues Vieira,66824799726,1962-03-11,SES,ESOC-SES-00000029,admissao,1997-01-27,301,original,REC-1997-SES-668247
Otávio Vieira Souza,24092452004,1998-02-21,SES,ESOC-SES-00000030,admissao,2018-08-05,301,original,REC-2018-SES-240924
Leonardo Nunes Barbosa,54705723074,2000-01-02,SES,ESOC-SES-00000031,admissao,2019-10-15,301,original,REC-2019-SES-547057
Patrícia Ferreira Lima,28478457470,1984-05-17,SES,ESOC-SES-00000032,admissao,2017-06-09,301,original,REC-2017-SES-284784
Tatiana Santos Pinto,43021076696,1978-07-22,SES,ESOC-SES-00000033,admissao,2015-05-27,301,original,REC-2015-SES-430210
Felipe Ribeiro Vieira,51708310487,1962-08-09,SES,ESOC-SES-00000034,admissao,2012-06-11,301,original,REC-2012-SES-517083
André Freitas Melo,53260093079,1994-01-04,PM,ESOC-PM-00000035,admissao,2019-05-08,301,original,REC-2019-PM-532600
Carla Santos Dias,88766845653,1980-02-12,PM,ESOC-PM-00000036,admissao,2001-03-12,301,original,REC-2001-PM-887668
Hugo Ribeiro Moura,48843613006,1975-01-20,PM,ESOC-PM-00000037,admissao,2022-03-06,301,original,REC-2022-PM-488436
Camila Fernandes Lopes,76893189753,1970-11-10,PM,ESOC-PM-00000038,admissao,2020-05-21,301,original,REC-2020-PM-768931
Otávio Cardoso Fernandes,95504476500,1973-09-22,PM,ESOC-PM-00000039,admissao,2014-07-15,301,original,REC-2014-PM-955044
Marina Teixeira Carvalho,86304111126,2001-09-09,PM,ESOC-PM-00000040,admissao,2023-12-09,301,original,REC-2023-PM-863041
Paulo Costa Ramos,43508719936,1996-06-17,PM,ESOC-PM-00000041,admissao,2025-06-01,301,original,REC-2025-PM-435087
Camila Vieira Cardoso,08923282154,1998-03-04,PM,ESOC-PM-00000042,admissao,2024-07-15,301,original,REC-2024-PM-089232
Sofia Rocha Araújo,62677948575,1985-05-22,PM,ESOC-PM-00000043,admissao,2007-11-24,301,original,REC-2007-PM-626779
Leonardo Costa Nunes,14530164659,1969-03-15,PM,ESOC-PM-00000044,admissao,1995-07-20,301,original,REC-1995-PM-145301
Samuel Moura Ferreira,82690899744,1964-10-22,PM,ESOC-PM-00000045,admissao,2001-10-21,301,original,REC-2001-PM-826908
Daniel Alves Martins,92710798760,1998-06-21,PM,ESOC-PM-00000046,admissao,2019-11-23,301,original,REC-2019-PM-927107
Sofia Nogueira Vieira,84455363890,2002-02-27,PM,ESOC-PM-00000047,admissao,2023-06-03,301,original,REC-2023-PM-844553
Thiago Pinto Nogueira,89964166141,1972-10-04,PM,ESOC-PM-00000048,admissao,1998-03-15,301,original,REC-1998-PM-899641
Fábio Rocha Pinto,65819776321,1988-11-30,SEEL,ESOC-SEEL-00000049,admissao,2020-06-14,301,original,REC-2020-SEEL-658197
Fábio Costa Barros,27719408845,1999-02-08,ABC,ESOC-ABC-00000050,admissao,2024-03-23,301,original,REC-2024-ABC-277194
Quitéria Teixeira Pereira,71450826750,1963-04-17,SECAMI,ESOC-SECAMI-00000051,admissao,2015-05-27,301,original,REC-2015-SECAMI-714508
Renata Lima Nogueira,31529974003,1999-08-28,SEMAD,ESOC-SEMAD-00000052,admissao,2018-03-27,301,original,REC-2018-SEMAD-315299
João Ramos Nogueira,11223726711,2001-05-25,SGG,ESOC-SGG-00000053,admissao,2020-09-17,301,original,REC-2020-SGG-112237
Eduarda Cardoso Duarte,90974912310,2005-08-06,GOINFRA,ESOC-GOINFRA-00000054,admissao,2025-09-08,301,original,REC-2025-GOINFRA-909749
Elisa Vieira Teixeira,80439270650,1989-10-28,EMATER,ESOC-EMATER-00000055,admissao,2020-03-14,301,original,REC-2020-EMATER-804392
Carla Lima Correia,64217707037,1994-08-21,DPE-GO,ESOC-DPEGO-00000056,admissao,2016-01-19,301,original,REC-2016-DPEGO-642177
Quitéria Freitas Monteiro,60902965700,1973-11-06,SEDS,ESOC-SEDS-00000057,admissao,1998-05-10,301,original,REC-1998-SEDS-609029
Helena Alves Alves,47405894275,1985-10-12,AGRODEFESA,ESOC-AGRODEFESA-00000058,admissao,2008-11-17,301,original,REC-2008-AGRODEFESA-474058
Lucas Ribeiro Carvalho,82209184380,1981-11-27,UEG,ESOC-UEG-00000059,admissao,2023-09-24,301,original,REC-2023-UEG-822091
Patrícia Ribeiro Rodrigues,43078900517,1960-11-03,UEG,ESOC-UEG-00000060,admissao,2015-11-14,301,original,REC-2015-UEG-430789
Camila Pinto Nogueira,72566593698,1969-07-26,SEDUC,ESOC-SEDUC-00000061,admissao,2005-08-22,301,original,REC-2005-SEDUC-725665
Yasmin Barbosa Lima,56462121203,1991-08-10,SEDUC,ESOC-SEDUC-00000062,admissao,2014-07-09,301,original,REC-2014-SEDUC-564621
Mariana Lima Fernandes,23212835303,1989-04-23,SEDUC,ESOC-SEDUC-00000063,admissao,2024-01-27,301,original,REC-2024-SEDUC-232128
Felipe Machado Araújo,23289094936,1972-08-17,SEDUC,ESOC-SEDUC-00000064,admissao,2005-02-13,301,original,REC-2005-SEDUC-232890
Bruno Machado Teixeira,08613438083,1969-09-20,SEDUC,ESOC-SEDUC-00000065,admissao,2025-04-09,301,original,REC-2025-SEDUC-086134
Patrícia Lima Melo,10651313643,2004-03-12,SEDUC,ESOC-SEDUC-00000066,admissao,2022-11-04,301,original,REC-2022-SEDUC-106513
Igor Nunes Dias,63532098601,1962-12-08,SEDUC,ESOC-SEDUC-00000067,admissao,2025-12-18,301,original,REC-2025-SEDUC-635320
Vinícius Santos Souza,20564175706,1968-03-22,SEDUC,ESOC-SEDUC-00000068,admissao,2024-09-23,301,original,REC-2024-SEDUC-205641
João Lima Fernandes,64028398681,1960-04-02,SEDUC,ESOC-SEDUC-00000069,admissao,2007-06-09,301,original,REC-2007-SEDUC-640283
Otávio Pereira Rodrigues,27309222458,1964-09-13,SEDUC,ESOC-SEDUC-00000070,admissao,2000-09-07,301,original,REC-2000-SEDUC-273092
Felipe Lopes Alves,90766148815,1962-10-17,SEDUC,ESOC-SEDUC-00000071,admissao,1997-09-23,301,original,REC-1997-SEDUC-907661
Sofia Vieira Correia,53110218020,1989-03-04,SEDUC,ESOC-SEDUC-00000072,admissao,2015-09-18,301,original,REC-2015-SEDUC-531102
André Lopes Teixeira,35314119188,1995-10-09,SEDUC,ESOC-SEDUC-00000073,admissao,2023-02-06,301,original,REC-2023-SEDUC-353141
Tatiana Machado Machado,20684885743,1993-06-06,SEDUC,ESOC-SEDUC-00000074,admissao,2014-05-06,301,original,REC-2014-SEDUC-206848
Gabriela Barros Machado,52506393056,1973-11-18,SEDUC,ESOC-SEDUC-00000075,admissao,2024-06-16,301,original,REC-2024-SEDUC-525063
Lucas Gomes Pinto,21051907403,1987-09-20,SEDUC,ESOC-SEDUC-00000076,admissao,2013-05-04,301,original,REC-2013-SEDUC-210519
Samuel Ferreira Souza,01191634388,1993-03-13,SEDUC,ESOC-SEDUC-00000077,admissao,2018-03-08,301,original,REC-2018-SEDUC-011916
Hugo Nogueira Cavalcanti,79363272583,2005-12-18,SEDUC,ESOC-SEDUC-00000078,admissao,2024-04-12,301,original,REC-2024-SEDUC-793632
Ana Ramos Lopes,54594432379,1982-12-03,SEDUC,ESOC-SEDUC-00000079,admissao,2013-11-27,301,original,REC-2013-SEDUC-545944
Felipe Duarte Nogueira,92288483083,1988-02-01,SEDUC,ESOC-SEDUC-00000080,admissao,2018-12-31,301,original,REC-2018-SEDUC-922884
Thiago Freitas Rocha,89926134661,1995-12-04,SEDUC,ESOC-SEDUC-00000081,admissao,2025-09-04,301,original,REC-2025-SEDUC-899261
Eduarda Carvalho Ramos,54599824216,1977-09-12,SEDUC,ESOC-SEDUC-00000082,admissao,2003-06-24,301,original,REC-2003-SEDUC-545998
Daniel Barros Correia,20613494202,1987-03-02,SEDUC,ESOC-SEDUC-00000083,admissao,2023-01-10,301,original,REC-2023-SEDUC-206134
Samuel Almeida Teixeira,11444938207,1963-09-06,SEDUC,ESOC-SEDUC-00000084,admissao,2015-03-05,301,original,REC-2015-SEDUC-114449
Otávio Ribeiro Araújo,18074256308,1982-03-24,SEDUC,ESOC-SEDUC-00000085,admissao,2019-11-12,301,original,REC-2019-SEDUC-180742
Vinícius Gomes Freitas,11709206675,1985-06-28,SEDUC,ESOC-SEDUC-00000086,admissao,2014-10-16,301,original,REC-2014-SEDUC-117092
Otávio Ferreira Lopes,96150850307,1989-06-20,SEDUC,ESOC-SEDUC-00000087,admissao,2025-09-14,301,original,REC-2025-SEDUC-961508
Gabriela Correia Fernandes,46669502303,1966-12-03,SEDUC,ESOC-SEDUC-00000088,admissao,2008-04-08,301,original,REC-2008-SEDUC-466695
Diego Dias Nunes,36393610166,1974-11-07,SEDUC,ESOC-SEDUC-00000089,admissao,2014-08-19,301,original,REC-2014-SEDUC-363936
Sofia Melo Correia,49230293075,1992-12-31,SEDUC,ESOC-SEDUC-00000090,admissao,2023-10-16,301,original,REC-2023-SEDUC-492302
Karina Cardoso Nunes,55288056862,1971-03-09,SEDUC,ESOC-SEDUC-00000091,admissao,2007-10-15,301,original,REC-2007-SEDUC-552880
Olívia Santos Teixeira,98784968052,1981-02-24,SEDUC,ESOC-SEDUC-00000092,admissao,2016-06-20,301,original,REC-2016-SEDUC-987849
Fábio Santos Barbosa,33515184392,2000-03-30,SEDUC,ESOC-SEDUC-00000093,admissao,2025-02-21,301,original,REC-2025-SEDUC-335151
Juliana Rodrigues Pereira,34634583143,1997-08-30,SEDUC,ESOC-SEDUC-00000094,admissao,2022-10-29,301,original,REC-2022-SEDUC-346345
Fábio Castro Araújo,43782560450,1997-05-16,SEDUC,ESOC-SEDUC-00000095,admissao,2017-06-21,301,original,REC-2017-SEDUC-437825
Camila Dias Alves,40532825276,1961-06-16,SEDUC,ESOC-SEDUC-00000096,admissao,2011-01-07,301,original,REC-2011-SEDUC-405328
Juliana Oliveira Nogueira,42910638650,1976-05-08,SEDUC,ESOC-SEDUC-00000097,admissao,2001-01-18,301,original,REC-2001-SEDUC-429106
Daniel Freitas Cardoso,98152258040,1977-02-22,SEDUC,ESOC-SEDUC-00000098,admissao,2007-12-23,301,original,REC-2007-SEDUC-981522
Fábio Lopes Carvalho,81475002629,1983-12-05,SEDUC,ESOC-SEDUC-00000099,admissao,2005-08-19,301,original,REC-2005-SEDUC-814750
Camila Lopes Cardoso,40939898004,2000-02-11,SEDUC,ESOC-SEDUC-00000100,admissao,2018-08-03,301,original,REC-2018-SEDUC-409398
Paulo Araújo Araújo,13825391507,1999-04-24,SEDUC,ESOC-SEDUC-00000101,admissao,2017-09-13,301,original,REC-2017-SEDUC-138253
Rafael Dias Pereira,44156956040,1992-12-02,SEDUC,ESOC-SEDUC-00000102,admissao,2019-11-05,301,original,REC-2019-SEDUC-441569
Eduarda Nunes Carvalho,79569994053,2004-01-25,SEDUC,ESOC-SEDUC-00000103,admissao,2023-03-10,301,original,REC-2023-SEDUC-795699
Hugo Almeida Lima,95029221239,1975-08-14,SEDUC,ESOC-SEDUC-00000104,admissao,2011-03-20,301,original,REC-2011-SEDUC-950292
Gustavo Pinto Rodrigues,54295846902,2002-12-10,SEDUC,ESOC-SEDUC-00000105,admissao,2023-11-21,301,original,REC-2023-SEDUC-542958
Daniel Pereira Castro,32929302780,1998-10-24,SEDUC,ESOC-SEDUC-00000106,admissao,2022-06-14,301,original,REC-2022-SEDUC-329293
Yasmin Fernandes Ferreira,62748791703,1984-08-15,SEDUC,ESOC-SEDUC-00000107,admissao,2008-03-26,301,original,REC-2008-SEDUC-627487
Gustavo Santos Ramos,55015369271,1983-09-29,SEDUC,ESOC-SEDUC-00000108,admissao,2011-03-14,301,original,REC-2011-SEDUC-550153
Juliana Martins Freitas,60201386070,1974-03-07,SEDUC,ESOC-SEDUC-00000109,admissao,2014-09-20,301,original,REC-2014-SEDUC-602013
Igor Dias Gomes,68093639128,1981-09-08,SEDUC,ESOC-SEDUC-00000110,admissao,2020-08-10,301,original,REC-2020-SEDUC-680936
Thiago Ramos Santos,69298455666,2004-09-13,SEDUC,ESOC-SEDUC-00000111,admissao,2025-08-02,301,original,REC-2025-SEDUC-692984
Gabriela Lopes Lima,18769304971,2002-03-21,SEDUC,ESOC-SEDUC-00000112,admissao,2023-06-04,301,original,REC-2023-SEDUC-187693
Renata Cardoso Pereira,91323758917,1994-08-29,SEDUC,ESOC-SEDUC-00000113,admissao,2023-12-20,301,original,REC-2023-SEDUC-913237
Leonardo Castro Vieira,71942774923,1963-06-29,SEDUC,ESOC-SEDUC-00000114,admissao,2001-02-23,301,original,REC-2001-SEDUC-719427
Leonardo Santos Araújo,73555034480,2003-12-12,GOIASPREV,ESOC-GOIASPREV-00000115,admissao,2025-12-02,301,original,REC-2025-GOIASPREV-735550
Yasmin Melo Gomes,60268026815,2003-02-07,GOIASPREV,ESOC-GOIASPREV-00000116,admissao,2022-01-22,301,original,REC-2022-GOIASPREV-602680
Yasmin Costa Souza,38866661236,1978-04-17,GOIASPREV,ESOC-GOIASPREV-00000117,admissao,2014-09-13,301,original,REC-2014-GOIASPREV-388666
Paulo Cardoso Machado,42128560934,1983-09-19,GOIASPREV,ESOC-GOIASPREV-00000118,admissao,2023-06-08,301,original,REC-2023-GOIASPREV-421285
Patrícia Melo Monteiro,56751905548,1984-07-13,GOIASPREV,ESOC-GOIASPREV-00000119,admissao,2015-06-10,301,original,REC-2015-GOIASPREV-567519
Patrícia Cardoso Machado,03670093311,2002-12-24,GOIASPREV,ESOC-GOIASPREV-00000120,admissao,2022-03-07,301,original,REC-2022-GOIASPREV-036700
Leonardo Alves Lima,42597805069,1968-12-27,GOIASPREV,ESOC-GOIASPREV-00000121,admissao,2013-07-16,301,original,REC-2013-GOIASPREV-425978
Olívia Fernandes Oliveira,47410828307,1965-04-22,GOIASPREV,ESOC-GOIASPREV-00000122,admissao,1999-01-05,301,original,REC-1999-GOIASPREV-474108
Patrícia Castro Ramos,61187835358,1969-08-17,GOIASPREV,ESOC-GOIASPREV-00000123,admissao,2010-01-11,301,original,REC-2010-GOIASPREV-611878
Mariana Carvalho Monteiro,51929587252,1990-03-30,GOIASPREV,ESOC-GOIASPREV-00000124,admissao,2025-12-23,301,original,REC-2025-GOIASPREV-519295
Beatriz Moura Cavalcanti,58391554970,1981-02-16,GOIASPREV,ESOC-GOIASPREV-00000125,admissao,2019-03-02,301,original,REC-2019-GOIASPREV-583915
Sofia Araújo Rocha,18393245974,1987-11-25,GOIASPREV,ESOC-GOIASPREV-00000126,admissao,2021-05-19,301,original,REC-2021-GOIASPREV-183932
Diego Rodrigues Pinto,44775583336,1967-05-06,GOIASPREV,ESOC-GOIASPREV-00000127,admissao,2018-07-28,301,original,REC-2018-GOIASPREV-447755
Tatiana Ramos Ferreira,81027563902,1970-06-05,GOIASPREV,ESOC-GOIASPREV-00000128,admissao,2025-07-07,301,original,REC-2025-GOIASPREV-810275
Tatiana Rodrigues Oliveira,18269656453,1982-10-30,GOIASPREV,ESOC-GOIASPREV-00000129,admissao,2000-12-18,301,original,REC-2000-GOIASPREV-182696
Igor Melo Melo,28887397392,1997-09-17,GOIASPREV,ESOC-GOIASPREV-00000130,admissao,2019-11-28,301,original,REC-2019-GOIASPREV-288873
Thiago Vieira Fernandes,62355327254,1979-12-24,GOIASPREV,ESOC-GOIASPREV-00000131,admissao,1998-02-18,301,original,REC-1998-GOIASPREV-623553
Gustavo Santos Dias,55682266366,1970-02-14,GOIASPREV,ESOC-GOIASPREV-00000132,admissao,1996-06-11,301,original,REC-1996-GOIASPREV-556822
Sofia Rocha Pinto,43496681101,1965-01-23,GOIASPREV,ESOC-GOIASPREV-00000133,admissao,2001-04-14,301,original,REC-2001-GOIASPREV-434966
Lucas Lopes Machado,90420244026,1965-06-20,GOIASPREV,ESOC-GOIASPREV-00000134,admissao,2019-12-22,301,original,REC-2019-GOIASPREV-904202
Thiago Gomes Vieira,08362419750,2002-06-25,GOIASPREV,ESOC-GOIASPREV-00000135,admissao,2021-10-31,301,original,REC-2021-GOIASPREV-083624
Mariana Souza Cardoso,55583241128,2000-05-08,GOIASPREV,ESOC-GOIASPREV-00000136,admissao,2022-07-05,301,original,REC-2022-GOIASPREV-555832
Mariana Pereira Costa,71994215240,1987-03-14,GOIASPREV,ESOC-GOIASPREV-00000137,admissao,2025-08-02,301,original,REC-2025-GOIASPREV-719942
Natália Ramos Vieira,45379102166,1992-03-25,GOIASPREV,ESOC-GOIASPREV-00000138,admissao,2017-02-22,301,original,REC-2017-GOIASPREV-453791
Tatiana Cavalcanti Duarte,92684632022,1973-02-02,GOIASPREV,ESOC-GOIASPREV-00000139,admissao,1995-09-23,301,original,REC-1995-GOIASPREV-926846
Camila Ribeiro Lima,50864288581,2004-01-05,GOIASPREV,ESOC-GOIASPREV-00000140,admissao,2024-08-05,301,original,REC-2024-GOIASPREV-508642
João Silva Martins,78588711370,1972-05-02,GOIASPREV,ESOC-GOIASPREV-00000141,admissao,2023-04-17,301,original,REC-2023-GOIASPREV-785887
Patrícia Nogueira Santos,10764382969,1961-07-02,GOIASPREV,ESOC-GOIASPREV-00000142,admissao,2018-09-30,301,original,REC-2018-GOIASPREV-107643
Fábio Araújo Monteiro,78275356903,1991-10-19,GOIASPREV,ESOC-GOIASPREV-00000143,admissao,2015-10-17,301,original,REC-2015-GOIASPREV-782753
Karina Ferreira Ramos,26869985049,2002-09-14,GOIASPREV,ESOC-GOIASPREV-00000144,admissao,2021-01-06,301,original,REC-2021-GOIASPREV-268699
André Santos Martins,99402587551,1985-02-25,GOIASPREV,ESOC-GOIASPREV-00000145,admissao,2004-08-17,301,original,REC-2004-GOIASPREV-994025
Isabela Ferreira Correia,16510776901,1989-10-05,GOIASPREV,ESOC-GOIASPREV-00000146,admissao,2016-05-14,301,original,REC-2016-GOIASPREV-165107
Elisa Lopes Carvalho,93486846710,2004-01-06,GOIASPREV,ESOC-GOIASPREV-00000147,admissao,2023-04-18,301,original,REC-2023-GOIASPREV-934868
Gabriela Ferreira Silva,68252537197,1973-11-03,GOIASPREV,ESOC-GOIASPREV-00000148,admissao,2012-06-23,301,original,REC-2012-GOIASPREV-682525
Camila Machado Ferreira,57166657642,1996-08-09,GOIASPREV,ESOC-GOIASPREV-00000149,admissao,2016-12-02,301,original,REC-2016-GOIASPREV-571666
Elisa Ribeiro Lima,21061157253,1981-10-11,GOIASPREV,ESOC-GOIASPREV-00000150,admissao,2025-06-06,301,original,REC-2025-GOIASPREV-210611
Marina Almeida Vieira,05127731495,1992-05-25,GOIASPREV,ESOC-GOIASPREV-00000151,admissao,2016-01-15,301,original,REC-2016-GOIASPREV-051277
Mariana Costa Teixeira,41201008395,1972-03-18,GOIASPREV,ESOC-GOIASPREV-00000152,admissao,2008-06-23,301,original,REC-2008-GOIASPREV-412010
Mariana Cavalcanti Fernandes,59292646869,1992-09-29,GOIASPREV,ESOC-GOIASPREV-00000153,admissao,2013-04-18,301,original,REC-2013-GOIASPREV-592926
João Lopes Melo,04503752855,1987-03-03,GOIASPREV,ESOC-GOIASPREV-00000154,admissao,2010-08-06,301,original,REC-2010-GOIASPREV-045037
Camila Ribeiro Oliveira,11968917373,1967-08-16,GOIASPREV,ESOC-GOIASPREV-00000155,admissao,1999-11-27,301,original,REC-1999-GOIASPREV-119689
Juliana Cavalcanti Correia,49382713387,1979-10-30,GOIASPREV,ESOC-GOIASPREV-00000156,admissao,2017-10-28,301,original,REC-2017-GOIASPREV-493827
Camila Costa Alves,67311120381,2000-11-06,GOIASPREV,ESOC-GOIASPREV-00000157,admissao,2021-03-02,301,original,REC-2021-GOIASPREV-673111
Renata Ribeiro Freitas,22098787057,1974-09-29,GOIASPREV,ESOC-GOIASPREV-00000158,admissao,2005-12-10,301,original,REC-2005-GOIASPREV-220987
Ana Martins Martins,77475806227,2000-05-01,GOIASPREV,ESOC-GOIASPREV-00000159,admissao,2024-12-20,301,original,REC-2024-GOIASPREV-774758
André Melo Monteiro,38726147203,1983-07-15,GOIASPREV,ESOC-GOIASPREV-00000160,admissao,2023-06-29,301,original,REC-2023-GOIASPREV-387261
João Correia Melo,97577492060,1970-06-29,GOIASPREV,ESOC-GOIASPREV-00000161,admissao,2003-03-19,301,original,REC-2003-GOIASPREV-975774
Daniel Barros Silva,32689170205,1988-03-22,GOIASPREV,ESOC-GOIASPREV-00000162,admissao,2025-02-07,301,original,REC-2025-GOIASPREV-326891
Rafael Rocha Fernandes,50105922587,1962-10-08,GOIASPREV,ESOC-GOIASPREV-00000163,admissao,2004-11-22,301,original,REC-2004-GOIASPREV-501059
Helena Alves Dias,02417920379,1999-08-06,GOIASPREV,ESOC-GOIASPREV-00000164,admissao,2023-09-21,301,original,REC-2023-GOIASPREV-024179
Helena Ribeiro Lima,46386663616,1991-06-16,GOIASPREV,ESOC-GOIASPREV-00000165,admissao,2025-05-25,301,original,REC-2025-GOIASPREV-463866
Natália Alves Lima,63052866630,1986-04-03,GOIASPREV,ESOC-GOIASPREV-00000166,admissao,2010-09-29,301,original,REC-2010-GOIASPREV-630528
Rafael Duarte Melo,00815518277,1995-03-26,GOIASPREV,ESOC-GOIASPREV-00000167,admissao,2024-03-17,301,original,REC-2024-GOIASPREV-008155
Juliana Barros Rodrigues,68234725610,1960-03-22,GOIASPREV,ESOC-GOIASPREV-00000168,admissao,1999-03-07,301,original,REC-1999-GOIASPREV-682347
Daniel Oliveira Alves,90522986536,2003-07-17,GOIASPREV,ESOC-GOIASPREV-00000169,admissao,2025-12-17,301,original,REC-2025-GOIASPREV-905229
Rafael Ferreira Araújo,44313645950,1971-11-01,GOIASPREV,ESOC-GOIASPREV-00000170,admissao,2024-02-27,301,original,REC-2024-GOIASPREV-443136
Eduarda Lima Cavalcanti,57100731488,1968-07-15,GOIASPREV,ESOC-GOIASPREV-00000171,admissao,1995-01-18,301,original,REC-1995-GOIASPREV-571007
Diego Moura Lima,53404172396,1968-01-06,GOIASPREV,ESOC-GOIASPREV-00000172,admissao,1999-08-06,301,original,REC-1999-GOIASPREV-534041
Igor Martins Ferreira,53880991804,1973-07-31,GOIASPREV,ESOC-GOIASPREV-00000173,admissao,2013-06-20,301,original,REC-2013-GOIASPREV-538809
Vinícius Nogueira Santos,75586109743,1982-04-06,GOIASPREV,ESOC-GOIASPREV-00000174,admissao,2025-01-31,301,original,REC-2025-GOIASPREV-755861
Ana Araújo Teixeira,62475308621,2004-10-26,GOIASPREV,ESOC-GOIASPREV-00000175,admissao,2023-03-20,301,original,REC-2023-GOIASPREV-624753
Daniel Monteiro Correia,02591819432,1961-03-27,GOIASPREV,ESOC-GOIASPREV-00000176,admissao,2006-10-05,301,original,REC-2006-GOIASPREV-025918
Nicolas Gomes Fernandes,94813322336,1967-07-02,GOIASPREV,ESOC-GOIASPREV-00000177,admissao,2008-11-25,301,original,REC-2008-GOIASPREV-948133
Daniel Moura Carvalho,39663923130,1970-05-28,GOIASPREV,ESOC-GOIASPREV-00000178,admissao,2015-05-04,301,original,REC-2015-GOIASPREV-396639
Rafael Pereira Santos,50116970618,1983-04-05,GOIASPREV,ESOC-GOIASPREV-00000179,admissao,2008-09-30,301,original,REC-2008-GOIASPREV-501169
Gabriela Pinto Pereira,92673840745,1974-12-21,GOIASPREV,ESOC-GOIASPREV-00000180,admissao,2011-06-30,301,original,REC-2011-GOIASPREV-926738
Gustavo Rocha Teixeira,83080305647,1963-03-04,GOIASPREV,ESOC-GOIASPREV-00000181,admissao,2019-10-20,301,original,REC-2019-GOIASPREV-830803
Juliana Nogueira Moura,05525820420,1964-02-13,GOIASPREV,ESOC-GOIASPREV-00000182,admissao,2012-12-25,301,original,REC-2012-GOIASPREV-055258
Paulo Gomes Silva,74905425026,1977-07-13,GOIASPREV,ESOC-GOIASPREV-00000183,admissao,2020-01-17,301,original,REC-2020-GOIASPREV-749054
João Cardoso Ferreira,16986505663,1997-08-30,GOIASPREV,ESOC-GOIASPREV-00000184,admissao,2021-03-06,301,original,REC-2021-GOIASPREV-169865
Daniel Lopes Lima,75346380205,1995-05-19,GOIASPREV,ESOC-GOIASPREV-00000185,admissao,2015-01-22,301,original,REC-2015-GOIASPREV-753463
Gabriela Ribeiro Nunes,04788560917,1972-03-18,GOIASPREV,ESOC-GOIASPREV-00000186,admissao,2021-03-24,301,original,REC-2021-GOIASPREV-047885
Vinícius Oliveira Martins,80473698579,1974-02-20,GOIASPREV,ESOC-GOIASPREV-00000187,admissao,2025-10-10,301,original,REC-2025-GOIASPREV-804736
Renata Machado Dias,99389534178,1962-10-15,GOIASPREV,ESOC-GOIASPREV-00000188,admissao,2013-02-20,301,original,REC-2013-GOIASPREV-993895
Fábio Cavalcanti Cavalcanti,18697745152,1993-05-24,GOIASPREV,ESOC-GOIASPREV-00000189,admissao,2025-07-12,301,original,REC-2025-GOIASPREV-186977
Helena Monteiro Ramos,54448444864,1964-07-17,GOIASPREV,ESOC-GOIASPREV-00000190,admissao,2002-07-15,301,original,REC-2002-GOIASPREV-544484
Renata Costa Souza,93008525075,1982-01-18,GOIASPREV,ESOC-GOIASPREV-00000191,admissao,2013-04-14,301,original,REC-2013-GOIASPREV-930085
Elisa Cardoso Carvalho,78903315170,1990-11-12,GOIASPREV,ESOC-GOIASPREV-00000192,admissao,2021-07-20,301,original,REC-2021-GOIASPREV-789033
Daniel Rocha Pinto,38757705445,1981-08-20,GOIASPREV,ESOC-GOIASPREV-00000193,admissao,2011-08-03,301,original,REC-2011-GOIASPREV-387577
Marina Fernandes Moura,21613245947,1972-09-30,GOIASPREV,ESOC-GOIASPREV-00000194,admissao,2020-04-04,301,original,REC-2020-GOIASPREV-216132
André Souza Santos,14777092666,1971-09-15,GOIASPREV,ESOC-GOIASPREV-00000195,admissao,2010-04-14,301,original,REC-2010-GOIASPREV-147770
Helena Ramos Teixeira,68102467037,1972-03-29,GOIASPREV,ESOC-GOIASPREV-00000196,admissao,2002-01-24,301,original,REC-2002-GOIASPREV-681024
Samuel Monteiro Pinto,18474408784,1971-06-04,GOIASPREV,ESOC-GOIASPREV-00000197,admissao,2002-12-21,301,original,REC-2002-GOIASPREV-184744
Fábio Freitas Nunes,06655045274,1991-02-11,GOIASPREV,ESOC-GOIASPREV-00000198,admissao,2016-04-12,301,original,REC-2016-GOIASPREV-066550
Marina Melo Barros,89734362879,1997-08-25,GOIASPREV,ESOC-GOIASPREV-00000199,admissao,2017-07-06,301,original,REC-2017-GOIASPREV-897343
Karina Melo Ribeiro,74011151319,1983-06-05,GOIASPREV,ESOC-GOIASPREV-00000200,admissao,2006-02-14,301,original,REC-2006-GOIASPREV-740111
